AreaCode,AreaName,InvestmentScore,ValScore,YieldScore,RentScore,LocScore,ValDiffPct,RentDiffPct,RentalYield,LocPremium
2,Downtown,9.625876673699526,3.4555435739179203,1.8941852488866837,2.1347190676223664,2.1414287832725565,2.168291074937803,2.2053645831152426,4.607021453390399,0.44021415597657654
1,Business Bay,9.323113676960254,2.9037805656747464,2.181736292288226,2.748625933898608,1.4889708850986743,2.1046700896515023,3.3084467096819785,5.559344832631862,-0.008233062823122778
0,Arabian Ranches,8.584315622606317,2.292485076880762,2.382590605469868,2.3827154966096424,1.5265244436460441,2.2179202705137535,1.569152659941138,5.181287526575808,0.044258890684810114
4,Jlt,7.504874599567667,2.2549124891545134,2.0086169086028547,2.4413452018102997,0.8,49.71982566267514,3.2527370687930657,7.9494427118419795,-0.1338278263333087
5,Jvc,7.268020598205091,1.947873739727258,2.2160797867060236,1.895856215492057,1.208210856279752,1.059062043131367,1.432949251663421,4.9885743730416525,-0.08869665537495684
3,Dubai Marina,7.030448770109709,1.7997188146727952,1.8358842852239525,2.128179003546294,1.2666666666666666,0.5267550710638034,1.1297591092483905,4.973448391384768,0.062309568332322984
6,Palm Jumeirah,7.000089321074808,2.0389158476285187,2.1250025868517315,2.019935497514089,0.8162353890804689,1.3981068562801435,2.4984755050140013,5.206388230928332,-0.1430564209145787
7,The Springs,5.642202049752332,1.5482581178179426,1.8948846815592246,1.8657259170418319,0.3333333333333333,0.586127378594296,2.3194960187960736,5.266589685900431,-0.17296864954774294
