AreaCode,AreaName,InvestmentScore,ValScore,YieldScore,RentScore,LocScore,ValDiffPct,RentDiffPct,RentalYield,LocPremium,Category
2,Downtown,10.101957910943844,4.066786536220775,0.8,3.2431782121720545,1.9919931625510139,2.211519421030271,2.4256892057938484,5.127796328444744,0.6302079480213966,Neutral
1,Business Bay,7.125274394932297,2.625836723120297,0.6696251731604417,2.2976952135991673,1.5321172850523912,1.2780463608703232,2.908045322807627,5.6019083572834765,-0.00035985831428571926,High Yield
0,Arabian Ranches,7.124327368615197,2.4037145663612165,0.8048126476245749,2.3800677712514338,1.5357323833779715,1.0524765374262075,0.9765295977089092,5.689350499168153,-0.015304823891636924,High Yield
5,Jvc,6.913893966396457,2.2474273848357136,0.6348636473141315,2.42032512607527,1.6112778081713417,0.5899365300726189,1.6784359848496506,5.290654076032933,0.01582829469996355,Neutral
4,Jlt,6.198261120588026,2.1729251205052575,0.8781153349817827,2.4821718863554736,0.6650487787455126,58.753921381655154,1.8793617843775867,24.058174764235897,-0.19636163062441672,Undervalued
3,Dubai Marina,6.140067545481801,2.213936274227597,0.6,2.126131271254204,1.2,3.8931742337686654,1.867841282612814,5.553983914899381,0.07925092674900161,High Yield
6,Palm Jumeirah,5.391179159909315,1.889698627893151,0.2555183063286288,2.240146346841293,1.0058158788462417,0.5531854298890121,1.685519209416658,5.3384239704562795,-0.1768173763541682,Neutral
7,The Springs,4.674286320863819,1.7663773107027816,0.2836652881186387,2.157577055375732,0.4666666666666667,0.7048184767048444,1.9354937444018894,5.484829468197995,-0.33644348028585497,Neutral
